File1,File2
3.9982450008392334,1.1645119190216064
1.2812831401824951,2.1931729316711426
1.173841953277588,1.053501844406128
1.1918768882751465,1.1769499778747559
1.2490968704223633,1.1521248817443848
1.2375292778015137,0.2307591438293457
1.355661153793335,1.1623990535736084
2.2052650451660156,1.1696739196777344
2.298064947128296,1.1694860458374023
1.2579972743988037,2.1970810890197754
1.1864960193634033,1.18996262550354
2.305561065673828,0.23882412910461426
2.376620054244995,1.0675687789916992
1.27561616897583,1.158649206161499
1.188645839691162,1.1722769737243652
1.2858529090881348,1.1614232063293457
1.2827229499816895,2.334261894226074
1.1927437782287598,1.1689279079437256
1.1923620700836182,3.2975690364837646
1.2148118019104004,1.273400068283081
1.2031588554382324,0.22839975357055664
1.2398948669433594,0.21659302711486816
2.400115966796875,0.2108621597290039
1.2502830028533936,0.21125411987304688
2.1594948768615723,1.0480320453643799
2.1769509315490723,1.1725709438323975
1.197537899017334,1.179107904434204
1.1849100589752197,0.22372102737426758
1.2947700023651123,0.21324372291564941
1.1767969131469727,1.1499919891357422
2.200288772583008,1.178419828414917
2.186107873916626,1.1937289237976074
2.2257349491119385,1.1648640632629395
2.3637137413024902,1.154883861541748
1.2231268882751465,1.2675278186798096
1.2021610736846924,1.2750251293182373
1.192573070526123,1.2766880989074707
2.3480942249298096,0.24717116355895996
2.207184076309204,0.2325611114501953
1.2456629276275635,0.2245039939880371
2.4142651557922363,0.23414301872253418
1.2176930904388428,0.23045086860656738
1.1740469932556152,0.23528718948364258
1.2512481212615967,0.2242450714111328
1.2244110107421875,0.23648881912231445
1.2105097770690918,0.2246870994567871
1.278235912322998,0.2189931869506836
1.3096137046813965,0.21672868728637695
1.29715895652771,0.2266831398010254
1.2686848640441895,0.2242870330810547
1.2181620597839355,1.061338186264038
1.3018429279327393,0.24243783950805664
1.2046191692352295,0.21661782264709473
1.2066402435302734,1.043485164642334
1.2186229228973389,0.2643110752105713
1.1891889572143555,1.2089588642120361
1.199411153793335,0.22394490242004395
1.2093591690063477,0.21368885040283203
1.2034690380096436,1.0414693355560303
2.220463991165161,0.24926209449768066
1.1948251724243164,0.21446800231933594
1.209671974182129,0.219085693359375
1.303037166595459,0.2167518138885498
1.2990360260009766,0.21521306037902832
1.205352783203125,0.21577978134155273
1.1699330806732178,1.0910069942474365
1.2014870643615723,0.25246214866638184
1.1996960639953613,0.21496176719665527
1.2337961196899414,0.21259188652038574
1.1767568588256836,1.0453307628631592
1.302748203277588,0.2487049102783203
1.1988282203674316,0.21791672706604004
1.197080135345459,0.21608996391296387
1.2146120071411133,0.21764492988586426
1.3200759887695312,1.0378897190093994
1.1878581047058105,0.24953794479370117
2.549386978149414,1.0470168590545654
1.2366600036621094,1.0788419246673584
1.4005446434020996,1.2029120922088623
1.354062795639038,2.1798758506774902
1.3461809158325195,1.061790943145752
1.2318451404571533,0.23424482345581055
2.20898699760437,1.142711877822876
1.287541151046753,2.182063102722168
2.3264758586883545,1.168863296508789
2.361227035522461,2.1653730869293213
1.317983865737915,1.081130027770996
1.1973340511322021,1.0582780838012695
1.1986238956451416,0.22913098335266113
1.293450117111206,0.21073102951049805
2.3528189659118652,0.21441388130187988
1.212397813796997,0.2116091251373291
1.2699408531188965,2.3193600177764893
1.2096521854400635,1.159991979598999
1.2207612991333008,1.2852756977081299
1.2872140407562256,0.22313690185546875
1.3076980113983154,0.21225976943969727
2.3372862339019775,0.21758723258972168
1.222433090209961,1.0510611534118652
1.2808201313018799,0.24886798858642578
1.2120928764343262,0.21448922157287598
1.1900949478149414,0.21765398979187012
1.2053251266479492,0.21718931198120117
1.160365104675293,0.22214889526367188
1.2072510719299316,0.2143549919128418
1.2111101150512695,0.22548985481262207
1.1975038051605225,0.2173142433166504
1.2859830856323242,0.22269988059997559
1.2282962799072266,0.22205781936645508
1.2506768703460693,0.22370481491088867
1.1962668895721436,1.0471091270446777
1.2551250457763672,0.24068403244018555
2.3166909217834473,1.0436828136444092
2.201165199279785,0.24785995483398438
1.2421371936798096,0.21261096000671387
1.1958520412445068,0.21504592895507812
1.2418370246887207,0.21396398544311523
1.2116758823394775,0.21381807327270508
2.205578088760376,0.22739291191101074
1.2108421325683594,0.2203667163848877
1.2069270610809326,0.22399497032165527
1.2059259414672852,0.21584773063659668
1.2651209831237793,0.21741700172424316
1.1997156143188477,0.2221660614013672
2.336668014526367,0.21696186065673828
1.2457270622253418,0.21587419509887695
1.2730910778045654,0.2165231704711914
1.2075657844543457,1.149900197982788
1.2869160175323486,1.1638157367706299
1.3210251331329346,0.2553858757019043
1.202765703201294,0.21637392044067383
1.182116985321045,0.2134380340576172
1.1843979358673096,1.1606850624084473
1.2516629695892334,0.24308991432189941
1.193047046661377,0.21470093727111816
1.2226371765136719,0.21616411209106445
1.1886308193206787,0.21550893783569336
1.1774470806121826,0.2130260467529297
1.1143310070037842,0.21521306037902832
1.1985630989074707,1.0462760925292969
1.2130239009857178,0.26088809967041016
2.1996281147003174,0.21144318580627441
1.2366220951080322,0.21668791770935059
2.433900833129883,0.2148430347442627
1.2287938594818115,0.21649622917175293
1.2129652500152588,0.21583795547485352
1.1658790111541748,0.21494507789611816
1.2705860137939453,0.21691107749938965
1.2121071815490723,0.21838998794555664
1.1824619770050049,0.2163529396057129
2.491173028945923,0.21826624870300293
2.2483327388763428,0.21579694747924805
1.2979450225830078,0.21317672729492188
1.23140287399292,0.21372103691101074
2.212991952896118,1.064497947692871
1.323204755783081,0.23697113990783691
1.2027621269226074,0.21727705001831055
1.1980617046356201,1.0362927913665771
2.3186440467834473,1.056217908859253
1.1955430507659912,0.24232912063598633
1.3253087997436523,0.2161252498626709
2.322801351547241,0.21621108055114746
1.2955520153045654,0.21347522735595703
1.2120718955993652,0.2136697769165039
1.215322732925415,0.2148888111114502
1.2196269035339355,0.2170422077178955
1.2911832332611084,1.0257799625396729
1.2168619632720947,0.24841976165771484
1.2916991710662842,0.21627521514892578
1.3027949333190918,0.21416306495666504
2.2965991497039795,0.21679997444152832
1.2785589694976807,0.21721601486206055
1.2084097862243652,0.21561121940612793
2.291419744491577,1.0459580421447754
1.3168308734893799,1.5150349140167236
1.2118141651153564,0.23638463020324707
1.1759071350097656,0.8731021881103516
1.1713290214538574,1.2696261405944824
1.218031883239746,1.0492439270019531
1.1909990310668945,0.23939990997314453
1.1832771301269531,0.21585488319396973
1.17708420753479,1.0330300331115723
1.1823170185089111,1.0521180629730225
1.219059944152832,0.2547602653503418
1.209864854812622,0.22439289093017578
1.2095329761505127,0.21927285194396973
1.2237708568572998,1.048043966293335
2.2187089920043945,0.24305009841918945
1.2130181789398193,0.2153632640838623
2.2922234535217285,0.25203585624694824
1.2257390022277832,0.22102618217468262
1.2543301582336426,0.21754121780395508
1.201775074005127,0.22095203399658203
2.4423959255218506,0.21680212020874023
1.2160611152648926,1.3888237476348877
1.198923110961914,0.23281407356262207
1.177018165588379,0.21653389930725098
1.1827609539031982,0.22162199020385742
1.1761608123779297,0.21977615356445312
1.1900951862335205,1.1559991836547852
2.344421863555908,0.25391411781311035
1.3124639987945557,0.21959900856018066
0.3203091621398926,0.22237682342529297
1.2899110317230225,1.3572289943695068
1.1750760078430176,1.0315349102020264
1.191108226776123,0.26377177238464355
1.2128410339355469,0.22248482704162598
1.2103910446166992,0.21918416023254395
1.2090928554534912,0.21705174446105957
1.1054301261901855,1.240070104598999
1.2141048908233643,0.24916601181030273
1.3016982078552246,0.21977591514587402
2.197751045227051,0.21890616416931152
1.2144289016723633,0.25829386711120605
1.1898610591888428,0.2223212718963623
1.2417471408843994,0.224822998046875
1.2172400951385498,0.22071170806884766
1.182051181793213,0.2291548252105713
1.1853861808776855,0.22945475578308105
1.2191250324249268,0.22052597999572754
1.2175822257995605,0.21883583068847656
1.239084243774414,0.22059321403503418
1.1904871463775635,0.21709895133972168
1.2591791152954102,0.2230548858642578
2.323707103729248,0.21990203857421875
1.2204439640045166,0.21715426445007324
2.293062925338745,0.21648716926574707
1.203017234802246,0.24023008346557617
2.326946973800659,0.22204279899597168
1.209763765335083,0.2189350128173828
1.217433214187622,1.0436699390411377
1.187148094177246,0.2513132095336914
1.2315950393676758,0.2128908634185791
2.304656982421875,0.2200472354888916
1.2130658626556396,0.21872282028198242
1.3622090816497803,0.22082996368408203
1.1952810287475586,0.23159384727478027
1.2055580615997314,0.2808511257171631
1.2308058738708496,0.22137999534606934
1.1872429847717285,0.22240018844604492
1.2820549011230469,1.0326929092407227
1.2934942245483398,0.24689888954162598
1.2080628871917725,0.21496891975402832
1.1898329257965088,1.307093858718872
1.2701518535614014,0.2233259677886963
1.21995210647583,0.21439313888549805
1.3343679904937744,0.22191309928894043
1.4466021060943604,1.0496821403503418
1.3089380264282227,0.340242862701416
1.2253179550170898,0.22541117668151855
1.2670888900756836,0.2122800350189209
1.3135161399841309,0.22065305709838867
48.99342179298401,1.0996148586273193
2.2599000930786133,0.23832917213439941
1.194267749786377,0.22478795051574707
1.180107831954956,0.23258495330810547
2.2416341304779053,0.22279095649719238
1.2092628479003906,0.21944379806518555
1.2056818008422852,0.22388601303100586
1.2821412086486816,0.23853802680969238
1.3007900714874268,1.7248132228851318
1.2848727703094482,0.23002195358276367
2.1896681785583496,0.2320711612701416
2.1792490482330322,0.6169888973236084
2.2880911827087402,0.271320104598999
2.309978723526001,0.7047109603881836
1.262716293334961,0.24418187141418457
1.3101036548614502,0.9218060970306396
1.3045930862426758,0.25121092796325684
1.1628539562225342,0.2282257080078125
1.1897079944610596,1.0474939346313477
1.2580060958862305,0.28409504890441895
1.2732901573181152,0.22348904609680176
1.2301139831542969,0.2213420867919922
1.261261224746704,0.21473407745361328
2.2983450889587402,1.0263330936431885
1.1789231300354004,0.2440509796142578
2.38663387298584,0.2147970199584961
1.2292511463165283,0.21686005592346191
2.436650037765503,0.21419286727905273
1.2738940715789795,1.0410780906677246
1.3241498470306396,0.254317045211792
2.406752109527588,0.21886420249938965
1.1767909526824951,0.213608980178833
1.2764089107513428,1.0433449745178223
2.4329049587249756,1.1551008224487305
1.278743028640747,0.2503781318664551
2.300773859024048,0.25208616256713867
1.3296809196472168,0.22529315948486328
1.361860752105713,0.22605395317077637
1.3137500286102295,0.22713613510131836
2.2156789302825928,2.0392661094665527
1.225283145904541,0.25527501106262207
1.2570831775665283,1.146378993988037
1.2260921001434326,0.253936767578125
1.210211992263794,0.21799111366271973
2.1942179203033447,0.24523425102233887
1.2099831104278564,0.244096040725708
2.3965108394622803,0.22349166870117188
1.2026631832122803,0.2209470272064209
1.1828081607818604,0.23482012748718262
2.4247827529907227,1.123628854751587
1.4278907775878906,0.2303619384765625
1.292646884918213,0.21723270416259766
1.228605031967163,0.2142961025238037
2.3320748805999756,1.0382061004638672
1.197788953781128,0.24410009384155273
1.2959747314453125,0.25376319885253906
1.3295090198516846,1.020965814590454
1.1901271343231201,0.24358892440795898
1.0615859031677246,0.22541379928588867
1.1935901641845703,0.2191171646118164
2.336406946182251,1.024609088897705
1.1892499923706055,0.2696208953857422
1.2735421657562256,0.22472190856933594
1.0428361892700195,0.24632906913757324
1.199429988861084,0.22310590744018555
1.2525103092193604,0.2187352180480957
1.2040550708770752,0.21876192092895508
1.2714159488677979,0.2360391616821289
1.1972200870513916,0.2213740348815918
2.409818172454834,0.21913504600524902
1.1989634037017822,0.28226470947265625
1.1965899467468262,0.22840094566345215
1.1954219341278076,0.22432303428649902
2.2027108669281006,0.21984291076660156
1.333324909210205,1.1754159927368164
2.194432020187378,1.3851888179779053
1.313711166381836,0.2410142421722412
1.3865838050842285,0.23760414123535156
2.2123308181762695,0.2223827838897705
2.2573540210723877,0.21516013145446777
1.2025890350341797,0.21917390823364258
1.1739351749420166,0.21383213996887207
1.1712760925292969,0.2084341049194336
1.2499029636383057,0.2120528221130371
1.2303519248962402,1.3065860271453857
2.195369005203247,0.2295522689819336
1.2181429862976074,0.21132993698120117
1.2861928939819336,0.21526408195495605
1.1869220733642578,0.21462607383728027
1.2507469654083252,1.1797809600830078
2.3017897605895996,0.25014781951904297
1.2181949615478516,0.2228989601135254
1.1698188781738281,1.045062780380249
1.3169617652893066,0.24681901931762695
1.2674522399902344,0.21921801567077637
1.2466189861297607,0.22638368606567383
1.2813220024108887,0.22411799430847168
1.2127690315246582,0.2189633846282959
1.1793999671936035,0.22484087944030762
1.2043089866638184,0.3164799213409424
1.1907382011413574,0.2257828712463379
2.2310791015625,0.21971368789672852
1.2820367813110352,0.22235417366027832
2.1993789672851562,0.23614168167114258
1.2140069007873535,1.279184103012085
1.1652379035949707,0.24280071258544922
2.3525869846343994,1.0352027416229248
1.3249731063842773,1.0633809566497803
1.194803237915039,0.2525629997253418
1.196258783340454,0.2153947353363037
1.296905279159546,0.22026801109313965
1.187615156173706,0.2194230556488037
1.3634779453277588,0.21757912635803223
1.2914190292358398,0.21307992935180664
1.2693979740142822,0.21477103233337402
2.405302047729492,1.0483760833740234
1.2797050476074219,0.2763521671295166
1.195885181427002,0.22296714782714844
1.2240359783172607,0.21353411674499512
1.173818826675415,1.0465459823608398
2.29455828666687,0.2636682987213135
1.2045409679412842,1.2759020328521729
1.2605907917022705,0.22430682182312012
1.2234318256378174,0.22493696212768555
2.20859432220459,0.23010873794555664
1.299095869064331,0.2222747802734375
2.1899220943450928,0.22552800178527832
1.2057299613952637,0.21692609786987305
1.1962928771972656,0.2245650291442871
1.2646501064300537,0.22462797164916992
1.201620101928711,1.2730791568756104
2.1954498291015625,0.23169803619384766
1.3121771812438965,0.22665190696716309
1.2993788719177246,0.23465919494628906
1.202989101409912,0.22980093955993652
1.3120319843292236,0.22948813438415527
1.1878950595855713,0.22280335426330566
1.1995048522949219,0.6296892166137695
1.194472074508667,0.25084614753723145
2.2243010997772217,0.23113608360290527
1.234442949295044,0.23319482803344727
19.067667245864868,0.3233458995819092
2.2960050106048584,0.23096013069152832
2.357133150100708,1.9542698860168457
2.2255170345306396,0.2269420623779297
11.808541774749756,0.25644803047180176
2.363926887512207,0.2240898609161377
2.3217811584472656,0.21986031532287598
1.2272090911865234,0.22700023651123047
1.302623987197876,0.2559170722961426
13.526397943496704,0.22644591331481934
1.3197579383850098,0.2277998924255371
2.196820020675659,0.22292518615722656
1.2358500957489014,0.2649509906768799
2.3072731494903564,0.2549457550048828
1.2343270778656006,0.2234947681427002
1.235008955001831,0.2175302505493164
1.2208251953125,1.256450891494751
1.226841926574707,0.24196386337280273
5.416005849838257,0.22786712646484375
1.2966289520263672,0.22016477584838867
1.2296807765960693,1.3381938934326172
1.1908190250396729,0.24085402488708496
1.1867740154266357,0.2128620147705078
2.4922420978546143,0.21845722198486328
1.2103910446166992,0.217818021774292
1.3088910579681396,2.145991086959839
1.2298669815063477,0.2628970146179199
1.2865588665008545,0.22900867462158203
37.340118169784546,0.24828600883483887
1.2954421043395996,0.22977828979492188
2.2315309047698975,1.1549749374389648
2.2191178798675537,0.24738788604736328
1.2192409038543701,0.24573898315429688
1.2461659908294678,0.23432230949401855
1.216459035873413,0.23302602767944336
1.3236980438232422,1.1293950080871582
1.318835973739624,0.24155020713806152
1.28334379196167,0.21933794021606445
1.219895839691162,1.0380759239196777
1.2848451137542725,2.1804239749908447
1.198702096939087,1.1675691604614258
1.2176780700683594,0.24820899963378906
2.235020160675049,0.24287009239196777
1.294311761856079,0.21996426582336426
2.350292921066284,1.0437781810760498
1.216747760772705,0.26520490646362305
1.2232089042663574,0.22348403930664062
1.1988680362701416,0.23033499717712402
1.3028788566589355,0.23548603057861328
1.2186048030853271,0.21970582008361816
2.34080171585083,1.045222282409668
1.2834508419036865,0.24515199661254883
1.25724196434021,0.23052382469177246
2.1819000244140625,1.1583058834075928
1.2070279121398926,0.25390100479125977
1.3216030597686768,0.21868085861206055
1.3049507141113281,0.21563291549682617
1.1826040744781494,1.0482330322265625
1.2759499549865723,0.25006890296936035
2.2048540115356445,1.213782787322998
1.2296090126037598,0.23795700073242188
2.2148211002349854,0.23191404342651367
1.3225727081298828,0.21992778778076172
1.2748432159423828,0.23282718658447266
2.2186648845672607,1.1989197731018066
1.2229559421539307,0.2420201301574707
1.2048120498657227,0.23172998428344727
1.2538092136383057,0.21858978271484375
2.226553201675415,0.21736884117126465
1.216618299484253,0.21689391136169434
1.2801508903503418,0.2205500602722168
1.1661441326141357,1.1547021865844727
1.2743821144104004,0.25037312507629395
1.1960101127624512,0.21663594245910645
1.1714849472045898,2.2025351524353027
1.166769027709961,0.24476194381713867
1.2067360877990723,0.21521401405334473
1.2931468486785889,0.21893715858459473
1.2042622566223145,0.21353387832641602
1.1949000358581543,0.21802496910095215
1.2585852146148682,1.0444607734680176
1.1906819343566895,0.24660992622375488
1.2093651294708252,0.21525096893310547
1.1724519729614258,0.21538805961608887
1.277730941772461,0.23375487327575684
1.1822929382324219,0.22117996215820312
1.2132158279418945,0.21703600883483887
2.22043514251709,0.21776580810546875
1.2084388732910156,0.21733570098876953
1.1915230751037598,1.0376088619232178
2.425015926361084,0.254896879196167
1.215522050857544,0.21189379692077637
1.1551799774169922,0.2151508331298828
1.22127103805542,0.21296405792236328
1.2313649654388428,0.2808339595794678
1.162459135055542,0.21991777420043945
1.2730028629302979,1.156674861907959
2.4187519550323486,0.24015402793884277
2.308100938796997,0.21565604209899902
2.357182025909424,0.26694416999816895
1.3165767192840576,0.2194981575012207
1.2142069339752197,0.22162675857543945
2.1856179237365723,0.21603107452392578
1.3198199272155762,0.2139420509338379
1.1905629634857178,1.2038581371307373
1.2247231006622314,0.24419188499450684
2.1982011795043945,0.21679425239562988
1.3716442584991455,1.0370352268218994
2.204012155532837,0.24723100662231445
1.2299976348876953,0.21736884117126465
2.2565808296203613,0.21478796005249023
1.3398022651672363,0.21554994583129883
1.2257721424102783,1.0359349250793457
1.209446907043457,0.24516916275024414
1.217118263244629,1.0539028644561768
1.295665979385376,0.2397918701171875
3.355865955352783,0.21436476707458496
1.2744650840759277,0.21614289283752441
1.2959530353546143,0.21262288093566895
1.371060848236084,0.21440505981445312
1.232602834701538,0.2150871753692627
1.305171012878418,1.378159761428833
2.339770793914795,0.2392280101776123
1.3097541332244873,0.21708273887634277
1.2008471488952637,1.1560959815979004
1.2831521034240723,0.24198603630065918
1.2245440483093262,0.22787904739379883
2.214270830154419,0.22127890586853027
1.2170350551605225,1.1380369663238525
1.2778198719024658,1.1754786968231201
1.292848825454712,1.1825571060180664
2.285362720489502,1.1781549453735352
1.2702760696411133,1.2390222549438477
1.210561990737915,0.22436809539794922
1.289891004562378,0.21119904518127441
2.2337779998779297,1.102081060409546
1.2238919734954834,0.2313699722290039
1.2362759113311768,0.2164468765258789
1.2030742168426514,1.0606319904327393
1.2805650234222412,1.1721620559692383
1.3194737434387207,1.1561517715454102
1.20796799659729,1.0558040142059326
1.4061241149902344,1.0727159976959229
2.3317530155181885,1.187770128250122
1.3039379119873047,0.21576809883117676
1.3251869678497314,0.21517014503479004
1.2246918678283691,0.21469688415527344
1.3803191184997559,0.20949888229370117
2.235377311706543,1.039125680923462
2.304387092590332,1.087012767791748
1.2757349014282227,1.1847617626190186
1.367417812347412,0.31142187118530273
1.2651288509368896,1.1514787673950195
1.1713712215423584,1.1837832927703857
1.2892820835113525,0.2375950813293457
1.3086342811584473,0.23636507987976074
1.205481767654419,0.2353830337524414
1.1794540882110596,0.23249292373657227
1.215785026550293,0.23186111450195312
1.2073490619659424,0.23174595832824707
1.255530834197998,0.23056793212890625
1.3035497665405273,0.22969818115234375
2.3139848709106445,0.2199258804321289
1.2102940082550049,0.22363638877868652
1.1969339847564697,0.21915793418884277
1.212252140045166,0.22557687759399414
1.4173328876495361,1.0318639278411865
1.2005643844604492,0.26218295097351074
1.1783690452575684,0.23215317726135254
2.2935259342193604,0.22929000854492188
1.194058895111084,0.27576303482055664
1.3597502708435059,0.23585009574890137
1.2138311862945557,0.23813199996948242
1.2739999294281006,0.23278594017028809
1.3053779602050781,0.2212672233581543
1.1902070045471191,0.21977615356445312
1.1798381805419922,0.2186422348022461
2.4339730739593506,0.22045493125915527
1.202664852142334,0.21703481674194336
1.2112228870391846,0.2167191505432129
1.2073328495025635,1.1810696125030518
1.1990149021148682,0.25458812713623047
1.1854000091552734,1.1564698219299316
1.2360670566558838,0.26464414596557617
1.1970770359039307,0.21814298629760742
1.3386850357055664,0.21799397468566895
1.2207629680633545,0.22011303901672363
1.201880693435669,0.21905803680419922
1.3040480613708496,0.2443530559539795
1.217548131942749,0.21013784408569336
2.1831459999084473,0.22626781463623047
1.2120978832244873,0.2210829257965088
1.2375376224517822,0.2159740924835205
2.338844060897827,0.2176358699798584
1.314291000366211,0.21485090255737305
1.2485871315002441,0.21600580215454102
2.2960638999938965,1.0316269397735596
1.2450060844421387,0.25474119186401367
1.1769330501556396,0.21706008911132812
1.1983559131622314,0.21416378021240234
2.2065489292144775,0.214799165725708
1.2144548892974854,0.2163400650024414
1.189957857131958,1.1448049545288086
1.2508223056793213,0.2535090446472168
1.191950798034668,0.21381878852844238
1.193532943725586,1.1519968509674072
1.1964068412780762,0.24682903289794922
1.1958332061767578,0.21436381340026855
1.2280547618865967,0.21477031707763672
1.1864628791809082,0.21355128288269043
1.3491737842559814,0.21990513801574707
1.1912119388580322,0.21423983573913574
1.1922051906585693,0.21352195739746094
2.1776201725006104,0.2203078269958496
2.335707187652588,0.23779296875
1.2104980945587158,0.2287578582763672
1.2478580474853516,0.21606826782226562
1.1891100406646729,0.22056293487548828
1.3034489154815674,0.21279191970825195
1.2101409435272217,0.2250809669494629
1.1963000297546387,0.2216041088104248
1.2906301021575928,0.21570992469787598
1.2832918167114258,1.080376148223877
3.3178961277008057,0.2674753665924072
2.198444128036499,1.295699119567871
2.576714038848877,2.0084481239318848
1.5192229747772217,0.22519397735595703
1.310959815979004,0.22179794311523438
2.2776057720184326,0.21907997131347656
1.3018622398376465,0.22600317001342773
2.4732110500335693,0.2294907569885254
1.2073259353637695,0.2547030448913574
2.2065088748931885,3.082185983657837
2.340184211730957,0.2763500213623047
1.1816270351409912,0.2185962200164795
1.1749038696289062,0.26811885833740234
1.2488420009613037,0.23235797882080078
2.310915231704712,1.8399207592010498
1.2471470832824707,0.23747611045837402
2.2266716957092285,0.22301220893859863
2.32292103767395,1.025749921798706
2.2892019748687744,0.28629207611083984
1.3944017887115479,0.22374725341796875
2.3326237201690674,1.3350322246551514
1.304154872894287,0.23208904266357422
1.3953828811645508,0.22247600555419922
1.2099950313568115,0.2202601432800293
1.2712810039520264,1.2457921504974365
2.189931631088257,0.2552609443664551
1.1957077980041504,1.049314022064209
1.2998149394989014,0.25571370124816895
1.3158347606658936,0.22910809516906738
2.3103761672973633,0.22123384475708008
2.2785379886627197,1.1804800033569336
1.2380390167236328,0.2478959560394287
1.301002025604248,0.2277228832244873
1.3020222187042236,0.22428512573242188
1.2148349285125732,0.22265291213989258
1.2347471714019775,2.327100992202759
2.229310989379883,0.25681591033935547
2.3451151847839355,0.2163398265838623
1.2281031608581543,0.22168231010437012
1.3127906322479248,0.32471299171447754
1.213987112045288,0.2601149082183838
1.2572641372680664,0.22981572151184082
1.202193021774292,0.22141575813293457
2.1932969093322754,0.23930096626281738
1.241157054901123,0.22260785102844238
1.3074450492858887,1.1709887981414795
1.2037889957427979,0.24091005325317383
2.313710927963257,0.22406387329101562
1.2567028999328613,0.3029341697692871
1.2105982303619385,0.2442009449005127
1.1790921688079834,0.2321488857269287
1.3297650814056396,0.22332119941711426
2.4608120918273926,0.2916221618652344
1.3054652214050293,0.23611688613891602
1.2477829456329346,0.23161911964416504
1.268559217453003,0.24162507057189941
1.2466239929199219,0.2212679386138916
2.326166868209839,1.1559460163116455
1.2100341320037842,0.2388591766357422
2.3255910873413086,0.21754908561706543
1.4358978271484375,0.21480202674865723
1.1984472274780273,0.21911191940307617
1.1571359634399414,0.21714305877685547
1.3321852684020996,0.2229149341583252
2.234951972961426,0.22602510452270508
1.3591880798339844,0.21788573265075684
1.1963520050048828,0.22068095207214355
2.218245029449463,1.1944639682769775
2.215895175933838,0.23364472389221191
1.2154521942138672,0.21687889099121094
1.285710096359253,0.22052979469299316
1.250662088394165,0.2431490421295166
1.3275249004364014,0.22561883926391602
1.1874568462371826,0.2232518196105957
1.1981539726257324,0.22454094886779785
1.1901531219482422,0.2213277816772461
1.3804857730865479,1.303062915802002
1.2170350551605225,0.2200319766998291
1.1778039932250977,0.22477412223815918
2.221142053604126,0.22365593910217285
1.313063144683838,0.2312016487121582
1.3108816146850586,0.22827887535095215
1.2280383110046387,0.27078795433044434
2.4236068725585938,0.22751998901367188
1.2942819595336914,0.22895097732543945
1.288238763809204,0.2251908779144287
1.2228937149047852,0.21601390838623047
2.21648907661438,0.22202396392822266
2.3440070152282715,0.2153160572052002
1.3128199577331543,1.237245798110962
2.340712070465088,0.2570528984069824
1.2130019664764404,0.21420693397521973
1.2086682319641113,0.2108447551727295
1.2129201889038086,1.0438141822814941
2.336282730102539,0.2531569004058838
2.2334470748901367,1.1982998847961426
1.2374787330627441,1.0450029373168945
2.2810349464416504,0.2450549602508545
1.336698055267334,0.22084569931030273
1.2045152187347412,0.21540093421936035
2.1707520484924316,0.27215576171875
1.234179973602295,0.2188889980316162
2.226109027862549,0.2183220386505127
1.2195079326629639,0.21965909004211426
1.1958060264587402,0.21835708618164062
1.2911596298217773,0.22399115562438965
1.2152960300445557,1.2612709999084473
2.3088550567626953,0.22602415084838867
2.3659801483154297,2.639881134033203
1.2589387893676758,0.23684000968933105
1.375659704208374,0.2197110652923584
1.3054769039154053,0.22190380096435547
1.2924351692199707,0.21740484237670898
1.2069628238677979,1.0403811931610107
2.2802631855010986,0.2561042308807373
1.219114065170288,0.2121741771697998
1.203766107559204,0.21297669410705566
1.2733869552612305,1.6067872047424316
1.3278000354766846,0.21623516082763672
1.206590175628662,0.21835803985595703
1.2132160663604736,0.21856093406677246
2.4287102222442627,0.21266674995422363
2.1993141174316406,0.22204375267028809
1.2465498447418213,0.2178339958190918
1.312695026397705,0.21514081954956055
2.2950470447540283,0.21518826484680176
1.2194230556488037,1.3948218822479248
1.2152230739593506,0.23577213287353516
1.287207841873169,0.22286200523376465
2.2284750938415527,0.2199690341949463
1.2340033054351807,0.21419906616210938
1.2887241840362549,1.3359959125518799
2.241218090057373,0.21787190437316895
1.3944268226623535,0.21488189697265625
2.2065792083740234,1.0318708419799805
2.4266128540039062,0.2654139995574951
1.2403409481048584,0.2751140594482422
1.2144198417663574,0.22439312934875488
2.435096025466919,0.22096991539001465
1.3055839538574219,0.2230081558227539
1.298835277557373,0.21877503395080566
1.2775039672851562,0.21600818634033203
1.2309648990631104,0.21429109573364258
1.2044029235839844,0.21551513671875
1.1897521018981934,0.21704602241516113
1.3284521102905273,0.21053385734558105
1.5081632137298584,1.321425199508667
2.257718086242676,0.22222423553466797
1.4338531494140625,0.21198105812072754
1.2204921245574951,0.21861505508422852
1.3039741516113281,0.22312402725219727
1.3718249797821045,0.22443389892578125
1.3390400409698486,0.21978306770324707
1.295896053314209,0.22019004821777344
1.2123219966888428,1.0280749797821045
1.214663028717041,0.2533378601074219
2.336057186126709,1.3131098747253418
2.2709062099456787,0.2566041946411133
1.2248330116271973,0.22275400161743164
1.249382734298706,0.23386883735656738
1.2127952575683594,0.24995708465576172
1.326894998550415,0.23140501976013184
1.2110910415649414,0.22216296195983887
2.2371597290039062,1.1619951725006104
2.40871000289917,0.24969911575317383
1.2219750881195068,0.22259187698364258
1.2354259490966797,0.22016382217407227
1.3369452953338623,0.2230210304260254
1.3199973106384277,0.22399115562438965
1.2734930515289307,0.2200300693511963
1.3809080123901367,0.220930814743042
1.1931021213531494,0.2375926971435547
1.2907071113586426,0.23272299766540527
2.3307759761810303,0.2361760139465332
1.2306389808654785,0.2297070026397705
1.30747389793396,0.22867679595947266
1.1905200481414795,0.23680686950683594
1.2017500400543213,0.23315095901489258
2.1838529109954834,0.3966641426086426
1.2027177810668945,0.22535204887390137
1.2080869674682617,0.22414612770080566
1.2039999961853027,0.2261509895324707
1.2202539443969727,0.21763896942138672
1.2630350589752197,1.1761529445648193
1.2831087112426758,0.2455449104309082
1.1923801898956299,0.2357618808746338
1.2690660953521729,0.23117589950561523
2.324954032897949,0.23041677474975586
2.388498067855835,0.22466588020324707
1.2288720607757568,0.9083237648010254
1.173656940460205,2.2782371044158936
1.289794683456421,0.2533071041107178
1.1972451210021973,0.2212369441986084
2.2345149517059326,0.22542190551757812
1.2356622219085693,0.23298096656799316
1.2060861587524414,1.2624590396881104
1.2019970417022705,0.2192692756652832
1.2757089138031006,0.2272028923034668
2.1822211742401123,0.23263001441955566
1.3137402534484863,1.1568503379821777
1.2495689392089844,0.23084115982055664
1.2170181274414062,0.21953821182250977
1.224255084991455,0.227524995803833
2.292902946472168,0.21860504150390625
1.0925769805908203,0.21979498863220215
1.1991217136383057,0.2192521095275879
1.1910688877105713,0.21872305870056152
1.2155489921569824,0.21551895141601562
1.200132131576538,1.3776466846466064
1.2911999225616455,1.029167890548706
1.2186999320983887,0.253525972366333
1.161146879196167,0.22418498992919922
1.2029409408569336,0.22633790969848633
1.2668647766113281,1.0280959606170654
1.2864761352539062,0.25449085235595703
1.1890099048614502,2.339569091796875
1.1818017959594727,1.0777957439422607
1.268852949142456,1.058948040008545
1.1869580745697021,1.0791797637939453
1.1889150142669678,0.24347305297851562
1.2051060199737549,0.2127549648284912
1.2297329902648926,0.21755194664001465
1.1966218948364258,1.1600902080535889
2.205737352371216,0.23465394973754883
1.2370030879974365,0.21471285820007324
1.204390287399292,1.1708579063415527
1.1948790550231934,1.1482291221618652
1.1924402713775635,1.2186949253082275
1.2653179168701172,1.3014681339263916
1.201033115386963,0.23708796501159668
1.214806079864502,0.216569185256958
1.2047970294952393,0.21779203414916992
1.2182230949401855,0.2147510051727295
1.284045934677124,1.3874831199645996
1.229506015777588,1.268707036972046
1.1941750049591064,0.24968314170837402
1.281275987625122,2.20940899848938
1.3068289756774902,0.23979902267456055
1.2047138214111328,1.1620228290557861
1.1918599605560303,0.2378690242767334
1.3085987567901611,0.20939087867736816
1.2251782417297363,1.0469000339508057
1.199841022491455,0.24602699279785156
1.2107090950012207,1.1738519668579102
1.2422142028808594,0.24248814582824707
1.2138690948486328,1.0397372245788574
1.3025422096252441,1.2145559787750244
1.2070329189300537,1.1073768138885498
1.2047462463378906,0.24351000785827637
1.2005550861358643,1.0634818077087402
1.1980249881744385,1.3859691619873047
1.1971540451049805,1.1898670196533203
1.2595603466033936,2.3394129276275635
2.303995132446289,1.0605852603912354
1.2385048866271973,0.25379300117492676
1.2185218334197998,2.218400001525879
1.2205908298492432,0.26267290115356445
1.2755310535430908,0.23127484321594238
2.3399322032928467,0.2484569549560547
1.2611100673675537,0.2202460765838623
1.2047319412231445,0.22778677940368652
1.326575756072998,1.0396850109100342
1.1992380619049072,0.24898600578308105
1.2642059326171875,0.2241661548614502
1.2071750164031982,0.2238171100616455
1.255181074142456,0.2765469551086426
1.2069048881530762,0.24036884307861328
1.2483017444610596,0.22037291526794434
1.2064859867095947,0.2136228084564209
1.1245880126953125,0.21934914588928223
1.0598969459533691,1.2773199081420898
1.2080740928649902,0.25547218322753906
1.2076468467712402,0.22195911407470703
1.201413869857788,0.2288210391998291
1.1333458423614502,0.22763299942016602
1.1845059394836426,0.22769999504089355
1.1975648403167725,0.22285199165344238
1.196451187133789,0.2539529800415039
1.1728849411010742,1.087907075881958
1.1827950477600098,0.23504900932312012
1.190298080444336,0.21840786933898926
1.2973310947418213,0.22715067863464355
1.3344719409942627,0.21412420272827148
1.293639898300171,0.217177152633667
1.189574956893921,0.21321487426757812
1.1916308403015137,0.21571898460388184
1.2220969200134277,0.2215712070465088
1.2448251247406006,0.22046113014221191
1.2459781169891357,1.0670630931854248
1.264988899230957,0.2299339771270752
2.3329648971557617,0.22881412506103516
1.2095468044281006,0.2247481346130371
1.1972448825836182,0.21879291534423828
1.1699421405792236,0.23309803009033203
1.2623510360717773,1.2945201396942139
1.1945652961730957,0.23317408561706543
1.2670261859893799,1.0974688529968262
1.2070536613464355,1.0800549983978271
1.1906917095184326,0.25275707244873047
1.204773187637329,0.2284688949584961
1.2203130722045898,0.22307682037353516
2.400278091430664,0.22367596626281738
1.3133540153503418,0.2205958366394043
2.243251085281372,0.2412552833557129
1.3241348266601562,1.0544250011444092
1.2200779914855957,0.2532520294189453
1.2613639831542969,0.22471308708190918
1.2064287662506104,0.21562504768371582
1.259781837463379,0.22510290145874023
1.2717599868774414,0.22567081451416016
1.2457380294799805,0.2198319435119629
1.187593936920166,1.0558710098266602
1.2978150844573975,0.22650599479675293
1.1818010807037354,0.21941924095153809
1.188096046447754,0.2265920639038086
1.2118420600891113,0.23937201499938965
1.473517656326294,0.22604799270629883
1.2175791263580322,0.21923303604125977
1.2291538715362549,1.0390739440917969
1.2269859313964844,0.25553321838378906
1.2048609256744385,0.2226581573486328
2.320418119430542,0.22611618041992188
2.229060173034668,0.22397303581237793
1.268432855606079,0.22939205169677734
1.3043079376220703,0.23033595085144043
3.454782009124756,0.2244560718536377
1.2101161479949951,0.2213277816772461
1.2104239463806152,0.21533489227294922
1.2952959537506104,0.2199571132659912
1.2093992233276367,0.21645498275756836
20.752808809280396,0.21561789512634277
1.2260870933532715,0.21532702445983887
2.331183910369873,0.21591806411743164
1.2105460166931152,0.22083497047424316
1.2284891605377197,2.1642680168151855
27.12813901901245,0.2525451183319092
1.2458670139312744,0.2208251953125
1.1910600662231445,2.050197124481201
1.2107341289520264,0.23003506660461426
1.2308850288391113,1.2165272235870361
1.3147850036621094,0.2575089931488037
19.749123096466064,0.2261807918548584
2.2477200031280518,0.23549294471740723
1.2092669010162354,0.26226305961608887
1.2940850257873535,0.22413301467895508
1.1906390190124512,0.22660112380981445
10.470447301864624,0.24655628204345703
2.3402979373931885,0.22371578216552734
2.4817349910736084,0.2240750789642334
2.311182737350464,0.2507786750793457
1.2009241580963135,0.2328660488128662
2.3172450065612793,0.2249619960784912
1.2821738719940186,1.3294878005981445
1.3089258670806885,0.2421422004699707
1.2463757991790771,0.2171921730041504
1.336534023284912,0.21908807754516602
1.1976680755615234,1.0369389057159424
2.4045450687408447,0.24568700790405273
1.0676968097686768,1.2644011974334717
1.3232510089874268,0.22402477264404297
1.2175719738006592,0.22392702102661133
1.2857871055603027,0.22584795951843262
2.2359752655029297,0.24760913848876953
2.2307279109954834,1.1770329475402832
1.248689889907837,0.2473459243774414
1.1883728504180908,0.24150991439819336
2.2178151607513428,0.22777080535888672
2.248116970062256,0.2366929054260254
1.296746015548706,0.22690987586975098
2.241264820098877,0.25042200088500977
1.2171590328216553,0.24060606956481934
1.2981770038604736,0.24600815773010254
2.4411699771881104,0.23201203346252441
2.4561359882354736,0.22624707221984863
1.1613481044769287,0.24709296226501465
1.299163818359375,0.21793913841247559
1.2747368812561035,0.22594308853149414
1.222214937210083,0.22874212265014648
1.1954660415649414,0.22187280654907227
1.2692971229553223,0.5954041481018066
2.2127017974853516,1.2745537757873535
1.332901954650879,0.21532511711120605
1.2689778804779053,0.21522212028503418
1.2830889225006104,0.21494698524475098
